[{"model": "auth.permission", "fields": {"name": "Can add log entry", "content_type": ["admin", "logentry"], "codename": "add_logentry"}}, {"model": "auth.permission", "fields": {"name": "Can change log entry", "content_type": ["admin", "logentry"], "codename": "change_logentry"}}, {"model": "auth.permission", "fields": {"name": "Can delete log entry", "content_type": ["admin", "logentry"], "codename": "delete_logentry"}}, {"model": "auth.permission", "fields": {"name": "Can view log entry", "content_type": ["admin", "logentry"], "codename": "view_logentry"}}, {"model": "auth.permission", "fields": {"name": "Can add permission", "content_type": ["auth", "permission"], "codename": "add_permission"}}, {"model": "auth.permission", "fields": {"name": "Can change permission", "content_type": ["auth", "permission"], "codename": "change_permission"}}, {"model": "auth.permission", "fields": {"name": "Can delete permission", "content_type": ["auth", "permission"], "codename": "delete_permission"}}, {"model": "auth.permission", "fields": {"name": "Can view permission", "content_type": ["auth", "permission"], "codename": "view_permission"}}, {"model": "auth.permission", "fields": {"name": "Can add group", "content_type": ["auth", "group"], "codename": "add_group"}}, {"model": "auth.permission", "fields": {"name": "Can change group", "content_type": ["auth", "group"], "codename": "change_group"}}, {"model": "auth.permission", "fields": {"name": "Can delete group", "content_type": ["auth", "group"], "codename": "delete_group"}}, {"model": "auth.permission", "fields": {"name": "Can view group", "content_type": ["auth", "group"], "codename": "view_group"}}, {"model": "auth.permission", "fields": {"name": "Can add user", "content_type": ["auth", "user"], "codename": "add_user"}}, {"model": "auth.permission", "fields": {"name": "Can change user", "content_type": ["auth", "user"], "codename": "change_user"}}, {"model": "auth.permission", "fields": {"name": "Can delete user", "content_type": ["auth", "user"], "codename": "delete_user"}}, {"model": "auth.permission", "fields": {"name": "Can view user", "content_type": ["auth", "user"], "codename": "view_user"}}, {"model": "auth.permission", "fields": {"name": "Can add content type", "content_type": ["contenttypes", "contenttype"], "codename": "add_contenttype"}}, {"model": "auth.permission", "fields": {"name": "Can change content type", "content_type": ["contenttypes", "contenttype"], "codename": "change_contenttype"}}, {"model": "auth.permission", "fields": {"name": "Can delete content type", "content_type": ["contenttypes", "contenttype"], "codename": "delete_contenttype"}}, {"model": "auth.permission", "fields": {"name": "Can view content type", "content_type": ["contenttypes", "contenttype"], "codename": "view_contenttype"}}, {"model": "auth.permission", "fields": {"name": "Can add session", "content_type": ["sessions", "session"], "codename": "add_session"}}, {"model": "auth.permission", "fields": {"name": "Can change session", "content_type": ["sessions", "session"], "codename": "change_session"}}, {"model": "auth.permission", "fields": {"name": "Can delete session", "content_type": ["sessions", "session"], "codename": "delete_session"}}, {"model": "auth.permission", "fields": {"name": "Can view session", "content_type": ["sessions", "session"], "codename": "view_session"}}, {"model": "auth.permission", "fields": {"name": "Can add banner", "content_type": ["store", "banner"], "codename": "add_banner"}}, {"model": "auth.permission", "fields": {"name": "Can change banner", "content_type": ["store", "banner"], "codename": "change_banner"}}, {"model": "auth.permission", "fields": {"name": "Can delete banner", "content_type": ["store", "banner"], "codename": "delete_banner"}}, {"model": "auth.permission", "fields": {"name": "Can view banner", "content_type": ["store", "banner"], "codename": "view_banner"}}, {"model": "auth.permission", "fields": {"name": "Can add category", "content_type": ["store", "category"], "codename": "add_category"}}, {"model": "auth.permission", "fields": {"name": "Can change category", "content_type": ["store", "category"], "codename": "change_category"}}, {"model": "auth.permission", "fields": {"name": "Can delete category", "content_type": ["store", "category"], "codename": "delete_category"}}, {"model": "auth.permission", "fields": {"name": "Can view category", "content_type": ["store", "category"], "codename": "view_category"}}, {"model": "auth.permission", "fields": {"name": "Can add product", "content_type": ["store", "product"], "codename": "add_product"}}, {"model": "auth.permission", "fields": {"name": "Can change product", "content_type": ["store", "product"], "codename": "change_product"}}, {"model": "auth.permission", "fields": {"name": "Can delete product", "content_type": ["store", "product"], "codename": "delete_product"}}, {"model": "auth.permission", "fields": {"name": "Can view product", "content_type": ["store", "product"], "codename": "view_product"}}, {"model": "auth.permission", "fields": {"name": "Can add product image", "content_type": ["store", "productimage"], "codename": "add_productimage"}}, {"model": "auth.permission", "fields": {"name": "Can change product image", "content_type": ["store", "productimage"], "codename": "change_productimage"}}, {"model": "auth.permission", "fields": {"name": "Can delete product image", "content_type": ["store", "productimage"], "codename": "delete_productimage"}}, {"model": "auth.permission", "fields": {"name": "Can view product image", "content_type": ["store", "productimage"], "codename": "view_productimage"}}, {"model": "auth.permission", "fields": {"name": "Can add testimonial", "content_type": ["store", "testimonial"], "codename": "add_testimonial"}}, {"model": "auth.permission", "fields": {"name": "Can change testimonial", "content_type": ["store", "testimonial"], "codename": "change_testimonial"}}, {"model": "auth.permission", "fields": {"name": "Can delete testimonial", "content_type": ["store", "testimonial"], "codename": "delete_testimonial"}}, {"model": "auth.permission", "fields": {"name": "Can view testimonial", "content_type": ["store", "testimonial"], "codename": "view_testimonial"}}, {"model": "auth.permission", "fields": {"name": "Can add blog", "content_type": ["store", "blog"], "codename": "add_blog"}}, {"model": "auth.permission", "fields": {"name": "Can change blog", "content_type": ["store", "blog"], "codename": "change_blog"}}, {"model": "auth.permission", "fields": {"name": "Can delete blog", "content_type": ["store", "blog"], "codename": "delete_blog"}}, {"model": "auth.permission", "fields": {"name": "Can view blog", "content_type": ["store", "blog"], "codename": "view_blog"}}, {"model": "auth.permission", "fields": {"name": "Can add order", "content_type": ["store", "order"], "codename": "add_order"}}, {"model": "auth.permission", "fields": {"name": "Can change order", "content_type": ["store", "order"], "codename": "change_order"}}, {"model": "auth.permission", "fields": {"name": "Can delete order", "content_type": ["store", "order"], "codename": "delete_order"}}, {"model": "auth.permission", "fields": {"name": "Can view order", "content_type": ["store", "order"], "codename": "view_order"}}, {"model": "auth.permission", "fields": {"name": "Can add pickup location", "content_type": ["store", "pickuplocation"], "codename": "add_pickuplocation"}}, {"model": "auth.permission", "fields": {"name": "Can change pickup location", "content_type": ["store", "pickuplocation"], "codename": "change_pickuplocation"}}, {"model": "auth.permission", "fields": {"name": "Can delete pickup location", "content_type": ["store", "pickuplocation"], "codename": "delete_pickuplocation"}}, {"model": "auth.permission", "fields": {"name": "Can view pickup location", "content_type": ["store", "pickuplocation"], "codename": "view_pickuplocation"}}, {"model": "auth.user", "fields": {"password": "pbkdf2_sha256$1000000$90gr18nuCjKxw8hCq2BlCO$N9L2RlhR9bESGQA1pHxktU+vXSmm074lvLNEsDfZz8E=", "last_login": "2026-06-12T17:55:17.014Z", "is_superuser": true, "username": "gizmoAdmin", "first_name": "", "last_name": "", "email": "gizmo@gmail.com", "is_staff": true, "is_active": true, "date_joined": "2025-05-28T12:16:49.069Z", "groups": [], "user_permissions": []}}, {"model": "auth.user", "fields": {"password": "pbkdf2_sha256$1000000$Npl8vvJ0Zuk3jCjnigNUee$pKkwYarzwESU1VXMBZ8gxFMAZ7izYdMjPzDNficjyRg=", "last_login": "2025-06-17T16:25:50.669Z", "is_superuser": false, "username": "usertest1", "first_name": "", "last_name": "", "email": "user@gmail.com", "is_staff": false, "is_active": true, "date_joined": "2025-06-17T13:36:40.722Z", "groups": [], "user_permissions": []}}, {"model": "store.category", "pk": 2, "fields": {"name": "Cables", "icon": "icons/IMG_20241021_033224_147.jpg", "image": "category_images/IMG_20241021_033646_018.jpg"}}, {"model": "store.category", "pk": 3, "fields": {"name": "Chargers", "icon": "icons/IMG_20241021_034720_054.jpg", "image": "category_images/IMG_20241021_035635_429.jpg"}}, {"model": "store.category", "pk": 4, "fields": {"name": "Earphones", "icon": "icons/IMG_20241018_011237_512.jpg", "image": "category_images/IMG_20241018_013436_750.jpg"}}, {"model": "store.category", "pk": 5, "fields": {"name": "Home Appliances", "icon": "icons/icons/IMG_20241018_053139_846.jpg", "image": "category_images/category_images/IMG_20241018_052009_391.jpg"}}, {"model": "store.category", "pk": 6, "fields": {"name": "Computing & Office", "icon": "icons/icons/IMG_20241021_040846_942.jpg", "image": "category_images/category_images/IMG_20241021_043538_841.jpg"}}, {"model": "store.category", "pk": 7, "fields": {"name": "Mobile & Wearables", "icon": "icons/icons/IMG_20241018_044503_103.jpg", "image": "category_images/category_images/IMG_20241018_050118_610.jpg"}}, {"model": "store.category", "pk": 9, "fields": {"name": "Smart Devices & Cameras", "icon": "icons/icons/IMG_20241021_030035_043.jpg", "image": "category_images/category_images/IMG_20241021_025501_282.jpg"}}, {"model": "store.category", "pk": 11, "fields": {"name": "Entertainment & Audio", "icon": "icons/icons/IMG_20241018_030956_319.jpg", "image": "category_images/category_images/IMG_20241018_032211_022.jpg"}}, {"model": "store.category", "pk": 12, "fields": {"name": "Bulbs & Lighting", "icon": "icons/IMG_20241021_041649_993.jpg", "image": "category_images/IMG_20241021_042655_288.jpg"}}, {"model": "store.product", "pk": 1, "fields": {"category": 11, "title": "ST-C100", "description": "Car shaped  bluetooth speaker.\r\nGood for outdoor and indoor use.", "image": "products/IMG_20241018_030956_319.jpg", "image_hover": "products/IMG_20241018_031608_153.jpg", "price": "1200.00", "old_price": "1400.00", "rating": 0.0, "is_new": true, "is_trending": true, "is_best_seller": false, "is_top_rated": false, "is_featured": false, "is_deal_of_day": false, "stock": 2}}, {"model": "store.product", "pk": 2, "fields": {"category": 3, "title": "Oraimo Charger", "description": "Oraimo fast charger \r\nUsb type", "image": "products/products/products/products/IMG_20241021_035635_429.jpg", "image_hover": "products/products/products/products/IMG_20241021_035635_429_wa05IyS.jpg", "price": "600.00", "old_price": "650.00", "rating": 0.0, "is_new": false, "is_trending": true, "is_best_seller": true, "is_top_rated": false, "is_featured": false, "is_deal_of_day": true, "stock": 3}}, {"model": "store.product", "pk": 3, "fields": {"category": 7, "title": "Memory card", "description": "2,4,8,16,32, and 64  gb\r\nTwo brands available", "image": "products/products/products/products/products/products/IMG_20241018_044017_691.jpg", "image_hover": "products/products/products/products/products/products/IMG_20241018_044503_103.jpg", "price": "1500.00", "old_price": "1800.00", "rating": 0.0, "is_new": false, "is_trending": true, "is_best_seller": true, "is_top_rated": true, "is_featured": false, "is_deal_of_day": true, "stock": 5}}, {"model": "store.product", "pk": 4, "fields": {"category": 2, "title": "fast-charging", "description": "fast charging cables", "image": "products/IMG_20241021_031019_320.jpg", "image_hover": "products/IMG_20241021_031239_699.jpg", "price": "150.00", "old_price": "200.00", "rating": 0.0, "is_new": false, "is_trending": false, "is_best_seller": false, "is_top_rated": false, "is_featured": false, "is_deal_of_day": false, "stock": 30}}, {"model": "store.product", "pk": 5, "fields": {"category": 2, "title": "CA-50", "description": "Type C charging cable, also data cable.", "image": "products/products/IMG_20241021_032956_913.jpg", "image_hover": "products/IMG_20241021_033013_200.jpg", "price": "200.00", "old_price": "250.00", "rating": 0.0, "is_new": false, "is_trending": false, "is_best_seller": false, "is_top_rated": false, "is_featured": false, "is_deal_of_day": false, "stock": 10}}, {"model": "store.product", "pk": 6, "fields": {"category": 2, "title": "2 to 2 cable", "description": "4 in one universal cable for multiple pins", "image": "products/products/products/IMG_20241021_033029_085.jpg", "image_hover": "products/products/IMG_20241021_033029_085_jt7eG8J.jpg", "price": "400.00", "old_price": "500.00", "rating": 0.0, "is_new": true, "is_trending": false, "is_best_seller": false, "is_top_rated": false, "is_featured": false, "is_deal_of_day": false, "stock": 10}}, {"model": "store.product", "pk": 7, "fields": {"category": 2, "title": "JKX-K06", "description": "3 IN 1 smart cable", "image": "products/products/IMG_20241021_033042_144.jpg", "image_hover": "products/IMG_20241021_033042_144_TCXix6J.jpg", "price": "300.00", "old_price": "400.00", "rating": 0.0, "is_new": false, "is_trending": false, "is_best_seller": false, "is_top_rated": false, "is_featured": false, "is_deal_of_day": false, "stock": 0}}, {"model": "store.product", "pk": 8, "fields": {"category": 2, "title": "YK Data cable", "description": "simple charging and data cable for file transfer.", "image": "products/products/IMG_20241021_033117_623.jpg", "image_hover": "products/IMG_20241021_033117_623_iqRamhb.jpg", "price": "200.00", "old_price": "250.00", "rating": 0.0, "is_new": false, "is_trending": false, "is_best_seller": false, "is_top_rated": false, "is_featured": false, "is_deal_of_day": false, "stock": 0}}, {"model": "store.product", "pk": 9, "fields": {"category": 2, "title": "AM-M01", "description": "Amaya usb cable", "image": "products/products/IMG_20241021_033646_018.jpg", "image_hover": "products/IMG_20241021_033646_018_7CFFB4Z.jpg", "price": "200.00", "old_price": "250.00", "rating": 0.0, "is_new": false, "is_trending": false, "is_best_seller": false, "is_top_rated": false, "is_featured": false, "is_deal_of_day": false, "stock": 0}}, {"model": "store.product", "pk": 10, "fields": {"category": 2, "title": "AM-C6A", "description": "Amaya charging cable for type C", "image": "products/products/IMG_20241021_033714_436.jpg", "image_hover": "products/IMG_20241021_033714_436_pgUGi1B.jpg", "price": "200.00", "old_price": "250.00", "rating": 0.0, "is_new": false, "is_trending": false, "is_best_seller": false, "is_top_rated": false, "is_featured": false, "is_deal_of_day": false, "stock": 0}}, {"model": "store.product", "pk": 11, "fields": {"category": 2, "title": "RCA 3.1", "description": "Axilliary cable", "image": "products/products/IMG_20241021_040919_532.jpg", "image_hover": "products/IMG_20241021_040919_532_cDxpBBc.jpg", "price": "150.00", "old_price": "200.00", "rating": 0.0, "is_new": false, "is_trending": false, "is_best_seller": false, "is_top_rated": false, "is_featured": false, "is_deal_of_day": false, "stock": 0}}, {"model": "store.product", "pk": 12, "fields": {"category": 2, "title": "RCA 3.3", "description": "Auxilliary cable", "image": "products/products/IMG_20241018_055026_391.jpg", "image_hover": "products/IMG_20241018_055026_391_3mVuKs2.jpg", "price": "150.00", "old_price": "200.00", "rating": 0.0, "is_new": false, "is_trending": false, "is_best_seller": false, "is_top_rated": false, "is_featured": false, "is_deal_of_day": false, "stock": 0}}, {"model": "store.product", "pk": 13, "fields": {"category": 2, "title": "RCA 2.1", "description": "Auxilliary cable", "image": "products/products/IMG_20241018_055133_299.jpg", "image_hover": "products/IMG_20241018_055133_299_wWwHnGL.jpg", "price": "150.00", "old_price": "200.00", "rating": 0.0, "is_new": false, "is_trending": false, "is_best_seller": false, "is_top_rated": false, "is_featured": false, "is_deal_of_day": false, "stock": 0}}, {"model": "store.product", "pk": 14, "fields": {"category": 2, "title": "Jack cable", "description": "jack to jack", "image": "products/IMG_20241018_055413_999.jpg", "image_hover": "products/IMG_20241018_053852_489.jpg", "price": "150.00", "old_price": "200.00", "rating": 0.0, "is_new": false, "is_trending": false, "is_best_seller": false, "is_top_rated": false, "is_featured": false, "is_deal_of_day": false, "stock": 0}}, {"model": "store.product", "pk": 15, "fields": {"category": 2, "title": "VGA", "description": "vga cable", "image": "products/products/IMG_20241018_054518_628.jpg", "image_hover": "products/IMG_20241018_054518_628_5tDnp6M.jpg", "price": "250.00", "old_price": "350.00", "rating": 0.0, "is_new": false, "is_trending": false, "is_best_seller": false, "is_top_rated": false, "is_featured": false, "is_deal_of_day": false, "stock": 0}}, {"model": "store.product", "pk": 16, "fields": {"category": 2, "title": "USB extensions", "description": "usb to usb extensions", "image": "products/products/products/IMG_20241018_055230_400.jpg", "image_hover": "products/products/IMG_20241018_055230_400_IVbDe96.jpg", "price": "300.00", "old_price": "400.00", "rating": 0.0, "is_new": true, "is_trending": false, "is_best_seller": false, "is_top_rated": false, "is_featured": false, "is_deal_of_day": false, "stock": 0}}, {"model": "store.product", "pk": 17, "fields": {"category": 2, "title": "3 pin", "description": "power cable", "image": "products/products/IMG_20241021_040310_538.jpg", "image_hover": "products/IMG_20241021_040310_538_Ih5UbZn.jpg", "price": "300.00", "old_price": "350.00", "rating": 0.0, "is_new": false, "is_trending": false, "is_best_seller": false, "is_top_rated": false, "is_featured": false, "is_deal_of_day": false, "stock": 0}}, {"model": "store.product", "pk": 18, "fields": {"category": 2, "title": "2 pin", "description": "power cable", "image": "products/products/IMG_20241021_040334_127.jpg", "image_hover": "products/IMG_20241021_040334_127_HFzZqK2.jpg", "price": "300.00", "old_price": "350.00", "rating": 0.0, "is_new": false, "is_trending": false, "is_best_seller": false, "is_top_rated": false, "is_featured": false, "is_deal_of_day": false, "stock": 0}}, {"model": "store.product", "pk": 19, "fields": {"category": 2, "title": "HDMI", "description": "HDMI cables", "image": "products/products/IMG_20241018_054311_853.jpg", "image_hover": "products/IMG_20241018_054311_853_Yt8XHbC.jpg", "price": "300.00", "old_price": "350.00", "rating": 0.0, "is_new": false, "is_trending": false, "is_best_seller": false, "is_top_rated": false, "is_featured": false, "is_deal_of_day": false, "stock": 0}}, {"model": "store.product", "pk": 20, "fields": {"category": 3, "title": "5 IN 1", "description": "5 in 1 universal charger", "image": "products/IMG_20241018_023606_023.jpg", "image_hover": "products/IMG_20241018_023606_023_q793mKF.jpg", "price": "400.00", "old_price": "450.00", "rating": 0.0, "is_new": false, "is_trending": false, "is_best_seller": false, "is_top_rated": false, "is_featured": false, "is_deal_of_day": false, "stock": 0}}, {"model": "store.product", "pk": 21, "fields": {"category": 3, "title": "9 in 1", "description": "9 in 1 universal dc charger", "image": "products/IMG_20241018_035712_553.jpg", "image_hover": "products/IMG_20241018_035712_553_KesDbii.jpg", "price": "400.00", "old_price": "450.00", "rating": 0.0, "is_new": false, "is_trending": false, "is_best_seller": false, "is_top_rated": false, "is_featured": false, "is_deal_of_day": false, "stock": 0}}, {"model": "store.product", "pk": 22, "fields": {"category": 3, "title": "45W  car charger", "description": "car charger, super fast charging", "image": "products/IMG_20241018_050837_009.jpg", "image_hover": "products/IMG_20241018_050837_009_Sh9KwIA.jpg", "price": "450.00", "old_price": "500.00", "rating": 0.0, "is_new": false, "is_trending": false, "is_best_seller": false, "is_top_rated": false, "is_featured": false, "is_deal_of_day": false, "stock": 0}}, {"model": "store.product", "pk": 23, "fields": {"category": 3, "title": "CAR-E9", "description": "car charger", "image": "products/products/IMG_20241018_050941_925.jpg", "image_hover": "products/products/IMG_20241018_050941_925_J8NQjSE.jpg", "price": "450.00", "old_price": "500.00", "rating": 0.0, "is_new": true, "is_trending": false, "is_best_seller": false, "is_top_rated": false, "is_featured": false, "is_deal_of_day": false, "stock": 0}}, {"model": "store.product", "pk": 24, "fields": {"category": 3, "title": "PD 55W", "description": "Quick car charger", "image": "products/IMG_20241018_051009_446.jpg", "image_hover": "products/IMG_20241018_051017_268.jpg", "price": "450.00", "old_price": "500.00", "rating": 0.0, "is_new": false, "is_trending": false, "is_best_seller": false, "is_top_rated": false, "is_featured": false, "is_deal_of_day": false, "stock": 0}}, {"model": "store.product", "pk": 25, "fields": {"category": 3, "title": "3 in 1", "description": "car charger", "image": "products/products/IMG_20241018_051100_760.jpg", "image_hover": "products/products/IMG_20241018_051100_760_WjmrfE2.jpg", "price": "400.00", "old_price": "500.00", "rating": 0.0, "is_new": true, "is_trending": false, "is_best_seller": false, "is_top_rated": false, "is_featured": false, "is_deal_of_day": false, "stock": 0}}, {"model": "store.product", "pk": 26, "fields": {"category": 3, "title": "YY-180", "description": "Amaya charger", "image": "products/IMG_20241021_034525_222.jpg", "image_hover": "products/IMG_20241021_034525_222_tTJD0ij.jpg", "price": "400.00", "old_price": "450.00", "rating": 0.0, "is_new": false, "is_trending": false, "is_best_seller": false, "is_top_rated": false, "is_featured": false, "is_deal_of_day": false, "stock": 0}}, {"model": "store.product", "pk": 27, "fields": {"category": 3, "title": "ACW-U50S-M06", "description": "fast charging amaya charger", "image": "products/IMG_20241021_034720_054.jpg", "image_hover": "products/IMG_20241021_034720_054_Us8BOrw.jpg", "price": "400.00", "old_price": "450.00", "rating": 0.0, "is_new": false, "is_trending": false, "is_best_seller": false, "is_top_rated": false, "is_featured": false, "is_deal_of_day": false, "stock": 0}}, {"model": "store.product", "pk": 28, "fields": {"category": 3, "title": "ADO36", "description": "USB smart charger", "image": "products/IMG_20241021_034754_582.jpg", "image_hover": "products/IMG_20241021_034754_582_O4t8Qqv.jpg", "price": "400.00", "old_price": "450.00", "rating": 0.0, "is_new": false, "is_trending": false, "is_best_seller": false, "is_top_rated": false, "is_featured": false, "is_deal_of_day": false, "stock": 0}}, {"model": "store.product", "pk": 29, "fields": {"category": 3, "title": "F-AD019", "description": "Travel usb charger", "image": "products/IMG_20241021_034829_562.jpg", "image_hover": "products/IMG_20241021_034829_562_o6fizzQ.jpg", "price": "400.00", "old_price": "450.00", "rating": 0.0, "is_new": false, "is_trending": false, "is_best_seller": false, "is_top_rated": false, "is_featured": false, "is_deal_of_day": false, "stock": 0}}, {"model": "store.product", "pk": 30, "fields": {"category": 3, "title": "AD026", "description": "Amaya fast travel charger", "image": "products/IMG_20241021_034851_533.jpg", "image_hover": "products/IMG_20241021_034851_533_2iI90eG.jpg", "price": "450.00", "old_price": "500.00", "rating": 0.0, "is_new": false, "is_trending": false, "is_best_seller": false, "is_top_rated": false, "is_featured": false, "is_deal_of_day": false, "stock": 0}}, {"model": "store.product", "pk": 31, "fields": {"category": 3, "title": "2USB", "description": "Fat charger 6A", "image": "products/IMG_20241021_034954_904.jpg", "image_hover": "products/IMG_20241021_034954_904_pOAheVN.jpg", "price": "500.00", "old_price": "600.00", "rating": 0.0, "is_new": false, "is_trending": false, "is_best_seller": false, "is_top_rated": false, "is_featured": false, "is_deal_of_day": false, "stock": 0}}, {"model": "store.product", "pk": 32, "fields": {"category": 3, "title": "CH-417R", "description": "Smart charger", "image": "products/IMG_20241021_035032_150.jpg", "image_hover": "products/IMG_20241021_035032_150_nslnHoC.jpg", "price": "400.00", "old_price": "450.00", "rating": 0.0, "is_new": false, "is_trending": false, "is_best_seller": false, "is_top_rated": false, "is_featured": false, "is_deal_of_day": false, "stock": 0}}, {"model": "store.product", "pk": 33, "fields": {"category": 3, "title": "CH-303 3 pin", "description": "fast charger", "image": "products/IMG_20241021_035157_521.jpg", "image_hover": "products/IMG_20241021_035157_521_hC0UQvH.jpg", "price": "500.00", "old_price": "600.00", "rating": 0.0, "is_new": false, "is_trending": false, "is_best_seller": false, "is_top_rated": false, "is_featured": false, "is_deal_of_day": false, "stock": 0}}, {"model": "store.product", "pk": 34, "fields": {"category": 3, "title": "OPPO V00C", "description": "Oppo flash charger", "image": "products/IMG_20241021_035431_822.jpg", "image_hover": "products/IMG_20241021_035431_822_YDDi0Qm.jpg", "price": "500.00", "old_price": "600.00", "rating": 0.0, "is_new": false, "is_trending": false, "is_best_seller": false, "is_top_rated": false, "is_featured": false, "is_deal_of_day": false, "stock": 0}}, {"model": "store.product", "pk": 35, "fields": {"category": 3, "title": "PUNEX JY-501", "description": "Punex fast charger", "image": "products/IMG_20241021_035519_713.jpg", "image_hover": "products/IMG_20241021_035519_713_OSkdurO.jpg", "price": "500.00", "old_price": "600.00", "rating": 0.0, "is_new": false, "is_trending": false, "is_best_seller": false, "is_top_rated": false, "is_featured": false, "is_deal_of_day": false, "stock": 0}}, {"model": "store.product", "pk": 36, "fields": {"category": 3, "title": "Oraimo Anifast", "description": "compact fast charger", "image": "products/products/IMG_20241021_035635_429_QQkW6k3.jpg", "image_hover": "products/products/IMG_20241021_035635_429_SkCAKw8.jpg", "price": "600.00", "old_price": "650.00", "rating": 0.0, "is_new": true, "is_trending": false, "is_best_seller": false, "is_top_rated": false, "is_featured": false, "is_deal_of_day": false, "stock": 0}}, {"model": "store.product", "pk": 37, "fields": {"category": 3, "title": "GF-21", "description": "Fast charger auto-id", "image": "products/IMG_20241021_035704_722.jpg", "image_hover": "products/IMG_20241021_035704_722_4GGsC4I.jpg", "price": "500.00", "old_price": "600.00", "rating": 0.0, "is_new": false, "is_trending": false, "is_best_seller": false, "is_top_rated": false, "is_featured": false, "is_deal_of_day": false, "stock": 0}}, {"model": "store.product", "pk": 38, "fields": {"category": 3, "title": "Travel adapter", "description": "Samsung fast charger", "image": "products/products/IMG_20241021_035822_433.jpg", "image_hover": "products/products/IMG_20241021_035822_433_MYvcicB.jpg", "price": "800.00", "old_price": "850.00", "rating": 0.0, "is_new": true, "is_trending": false, "is_best_seller": false, "is_top_rated": false, "is_featured": false, "is_deal_of_day": false, "stock": 0}}, {"model": "store.product", "pk": 39, "fields": {"category": 4, "title": "M10", "description": "M10 wireless buds", "image": "products/IMG_20241018_011237_512.jpg", "image_hover": "products/IMG_20241018_015346_992.jpg", "price": "1000.00", "old_price": "1250.00", "rating": 0.0, "is_new": false, "is_trending": false, "is_best_seller": false, "is_top_rated": false, "is_featured": false, "is_deal_of_day": false, "stock": 0}}, {"model": "store.product", "pk": 40, "fields": {"category": 4, "title": "AIR F9 pro+", "description": "jbl wireless buds", "image": "products/products/IMG_20241018_011636_234.jpg", "image_hover": "products/products/IMG_20241018_011658_939.jpg", "price": "1000.00", "old_price": "1500.00", "rating": 0.0, "is_new": true, "is_trending": false, "is_best_seller": false, "is_top_rated": false, "is_featured": false, "is_deal_of_day": false, "stock": 0}}, {"model": "store.product", "pk": 41, "fields": {"category": 4, "title": "P47", "description": "Wireless headphones", "image": "products/products/IMG_20241018_011821_780.jpg", "image_hover": "products/products/IMG_20241018_011821_780_UNLxtH6.jpg", "price": "800.00", "old_price": "950.00", "rating": 0.0, "is_new": true, "is_trending": false, "is_best_seller": false, "is_top_rated": false, "is_featured": false, "is_deal_of_day": false, "stock": 0}}, {"model": "store.product", "pk": 42, "fields": {"category": 4, "title": "i16 MAX", "description": "Wireless buds", "image": "products/IMG_20241018_012020_714.jpg", "image_hover": "products/IMG_20241018_012058_172.jpg", "price": "700.00", "old_price": "750.00", "rating": 0.0, "is_new": false, "is_trending": false, "is_best_seller": false, "is_top_rated": false, "is_featured": false, "is_deal_of_day": false, "stock": 0}}, {"model": "store.product", "pk": 43, "fields": {"category": 4, "title": "i12", "description": "wireless pods", "image": "products/IMG_20241018_012129_292.jpg", "image_hover": "products/IMG_20241018_012129_292_WCgmSP7.jpg", "price": "700.00", "old_price": "750.00", "rating": 0.0, "is_new": false, "is_trending": false, "is_best_seller": false, "is_top_rated": false, "is_featured": false, "is_deal_of_day": false, "stock": 0}}, {"model": "store.product", "pk": 44, "fields": {"category": 4, "title": "i15", "description": "wireless pods", "image": "products/IMG_20241018_012201_215.jpg", "image_hover": "products/IMG_20241018_012201_215_Al1m1lF.jpg", "price": "700.00", "old_price": "750.00", "rating": 0.0, "is_new": false, "is_trending": false, "is_best_seller": false, "is_top_rated": false, "is_featured": false, "is_deal_of_day": false, "stock": 0}}, {"model": "store.product", "pk": 45, "fields": {"category": 4, "title": "Air f9 pro", "description": "samsung wireless buds", "image": "products/IMG_20241018_012824_888.jpg", "image_hover": "products/IMG_20241018_012824_888_ExJ466t.jpg", "price": "1000.00", "old_price": "1250.00", "rating": 0.0, "is_new": false, "is_trending": false, "is_best_seller": false, "is_top_rated": false, "is_featured": false, "is_deal_of_day": false, "stock": 0}}, {"model": "store.product", "pk": 46, "fields": {"category": 4, "title": "S109", "description": "Wireless headsets", "image": "products/IMG_20241018_013147_071.jpg", "image_hover": "products/IMG_20241018_013241_984.jpg", "price": "600.00", "old_price": "700.00", "rating": 0.0, "is_new": false, "is_trending": false, "is_best_seller": false, "is_top_rated": false, "is_featured": false, "is_deal_of_day": false, "stock": 0}}, {"model": "store.product", "pk": 47, "fields": {"category": 4, "title": "A66", "description": "wireless earphones", "image": "products/products/IMG_20241018_013436_750.jpg", "image_hover": "products/products/IMG_20241018_013456_522.jpg", "price": "700.00", "old_price": "800.00", "rating": 0.0, "is_new": true, "is_trending": false, "is_best_seller": false, "is_top_rated": false, "is_featured": false, "is_deal_of_day": false, "stock": 0}}, {"model": "store.product", "pk": 48, "fields": {"category": 4, "title": "Air f9 pro", "description": "Samsung wireless buds", "image": "products/IMG_20241018_013647_144.jpg", "image_hover": "products/IMG_20241018_013632_872.jpg", "price": "1000.00", "old_price": "1250.00", "rating": 0.0, "is_new": false, "is_trending": false, "is_best_seller": false, "is_top_rated": false, "is_featured": false, "is_deal_of_day": false, "stock": 0}}, {"model": "store.product", "pk": 49, "fields": {"category": 4, "title": "i13", "description": "wireless pods", "image": "products/IMG_20241018_014136_949.jpg", "image_hover": "products/IMG_20241018_014206_152.jpg", "price": "700.00", "old_price": "750.00", "rating": 0.0, "is_new": false, "is_trending": false, "is_best_seller": false, "is_top_rated": false, "is_featured": false, "is_deal_of_day": false, "stock": 0}}, {"model": "store.product", "pk": 50, "fields": {"category": 4, "title": "i18", "description": "wireless pods", "image": "products/IMG_20241018_014405_818.jpg", "image_hover": "products/IMG_20241018_014427_227.jpg", "price": "700.00", "old_price": "750.00", "rating": 0.0, "is_new": false, "is_trending": false, "is_best_seller": false, "is_top_rated": false, "is_featured": false, "is_deal_of_day": false, "stock": 0}}, {"model": "store.product", "pk": 51, "fields": {"category": 4, "title": "RT-15", "description": "Wireless neckbuds", "image": "products/products/IMG_20241018_014642_519.jpg", "image_hover": "products/products/IMG_20241018_014721_754.jpg", "price": "800.00", "old_price": "950.00", "rating": 0.0, "is_new": true, "is_trending": false, "is_best_seller": false, "is_top_rated": false, "is_featured": false, "is_deal_of_day": false, "stock": 0}}, {"model": "store.product", "pk": 52, "fields": {"category": 4, "title": "Stereo Headset", "description": "wireless headset", "image": "products/IMG_20241018_014917_873.jpg", "image_hover": "products/IMG_20241018_014938_637.jpg", "price": "400.00", "old_price": "450.00", "rating": 0.0, "is_new": false, "is_trending": false, "is_best_seller": false, "is_top_rated": false, "is_featured": false, "is_deal_of_day": false, "stock": 0}}, {"model": "store.product", "pk": 53, "fields": {"category": 4, "title": "E660BT", "description": "JBL headphones", "image": "products/IMG_20241018_015949_430.jpg", "image_hover": "products/IMG_20241018_020059_029.jpg", "price": "1700.00", "old_price": "1850.00", "rating": 0.0, "is_new": false, "is_trending": false, "is_best_seller": false, "is_top_rated": false, "is_featured": false, "is_deal_of_day": false, "stock": 0}}, {"model": "store.product", "pk": 54, "fields": {"category": 4, "title": "LIVE 460", "description": "Wireless headphones", "image": "products/products/IMG_20241018_020256_343.jpg", "image_hover": "products/products/IMG_20241018_020315_235.jpg", "price": "1800.00", "old_price": "2000.00", "rating": 0.0, "is_new": true, "is_trending": false, "is_best_seller": false, "is_top_rated": false, "is_featured": false, "is_deal_of_day": false, "stock": 0}}, {"model": "store.product", "pk": 55, "fields": {"category": 4, "title": "RE-NYO18", "description": "Wireless headphones", "image": "products/IMG_20241018_021012_049.jpg", "image_hover": "products/IMG_20241018_021144_441.jpg", "price": "1500.00", "old_price": "1800.00", "rating": 0.0, "is_new": false, "is_trending": false, "is_best_seller": false, "is_top_rated": false, "is_featured": false, "is_deal_of_day": false, "stock": 0}}, {"model": "store.product", "pk": 56, "fields": {"category": 7, "title": "yk 64 GB", "description": "memory card", "image": "products/IMG_20241018_044017_691_MgI3h0N.jpg", "image_hover": "products/IMG_20241018_044029_759.jpg", "price": "1500.00", "old_price": "1650.00", "rating": 0.0, "is_new": false, "is_trending": false, "is_best_seller": false, "is_top_rated": false, "is_featured": false, "is_deal_of_day": false, "stock": 0}}, {"model": "store.product", "pk": 57, "fields": {"category": 7, "title": "yk 32 GB", "description": "memory card", "image": "products/IMG_20241018_044046_633.jpg", "image_hover": "products/IMG_20241018_044053_671.jpg", "price": "1100.00", "old_price": "1300.00", "rating": 0.0, "is_new": false, "is_trending": false, "is_best_seller": false, "is_top_rated": false, "is_featured": false, "is_deal_of_day": false, "stock": 0}}, {"model": "store.product", "pk": 58, "fields": {"category": 7, "title": "yk 16 GB", "description": "memory card", "image": "products/IMG_20241018_044105_234.jpg", "image_hover": "products/IMG_20241018_044114_253.jpg", "price": "900.00", "old_price": "1000.00", "rating": 0.0, "is_new": false, "is_trending": false, "is_best_seller": false, "is_top_rated": false, "is_featured": false, "is_deal_of_day": false, "stock": 0}}, {"model": "store.product", "pk": 59, "fields": {"category": 7, "title": "Boost 64 GB", "description": "memory card", "image": "products/IMG_20241018_044503_103_H18qxvy.jpg", "image_hover": "products/IMG_20241018_044510_871.jpg", "price": "1200.00", "old_price": "1300.00", "rating": 0.0, "is_new": false, "is_trending": false, "is_best_seller": false, "is_top_rated": false, "is_featured": false, "is_deal_of_day": false, "stock": 0}}, {"model": "store.product", "pk": 60, "fields": {"category": 7, "title": "Boost 32 GB", "description": "memory card", "image": "products/IMG_20241018_044532_958.jpg", "image_hover": "products/IMG_20241018_044541_025.jpg", "price": "900.00", "old_price": "1000.00", "rating": 0.0, "is_new": false, "is_trending": false, "is_best_seller": false, "is_top_rated": false, "is_featured": false, "is_deal_of_day": false, "stock": 0}}, {"model": "store.product", "pk": 61, "fields": {"category": 7, "title": "Boost 16 GB", "description": "memory card", "image": "products/IMG_20241018_044555_510.jpg", "image_hover": "products/IMG_20241018_044602_075.jpg", "price": "700.00", "old_price": "800.00", "rating": 0.0, "is_new": false, "is_trending": false, "is_best_seller": false, "is_top_rated": false, "is_featured": false, "is_deal_of_day": false, "stock": 0}}, {"model": "store.product", "pk": 62, "fields": {"category": 7, "title": "Sandisk 2 GB", "description": "memory card", "image": "products/IMG_20241018_045459_111.jpg", "image_hover": "products/IMG_20241018_045503_366.jpg", "price": "450.00", "old_price": "500.00", "rating": 0.0, "is_new": false, "is_trending": false, "is_best_seller": false, "is_top_rated": false, "is_featured": false, "is_deal_of_day": false, "stock": 0}}, {"model": "store.product", "pk": 63, "fields": {"category": 7, "title": "Flash drive 16 GB", "description": "disk drive", "image": "products/IMG_20241018_045553_432.jpg", "image_hover": "products/IMG_20241018_045540_086.jpg", "price": "800.00", "old_price": "850.00", "rating": 0.0, "is_new": false, "is_trending": false, "is_best_seller": false, "is_top_rated": false, "is_featured": false, "is_deal_of_day": false, "stock": 0}}, {"model": "store.product", "pk": 64, "fields": {"category": 7, "title": "Flash Drive 8gb", "description": "disk drive", "image": "products/IMG_20241018_045407_096.jpg", "image_hover": "products/IMG_20241018_045421_809.jpg", "price": "700.00", "old_price": "800.00", "rating": 0.0, "is_new": false, "is_trending": false, "is_best_seller": false, "is_top_rated": false, "is_featured": false, "is_deal_of_day": false, "stock": 0}}, {"model": "store.product", "pk": 65, "fields": {"category": 7, "title": "Flash Drive 4gb", "description": "disk drive", "image": "products/IMG_20241018_045435_921.jpg", "image_hover": "products/IMG_20241018_045440_830.jpg", "price": "500.00", "old_price": "600.00", "rating": 0.0, "is_new": false, "is_trending": false, "is_best_seller": false, "is_top_rated": false, "is_featured": false, "is_deal_of_day": false, "stock": 0}}, {"model": "store.product", "pk": 66, "fields": {"category": 7, "title": "BL-20JT", "description": "phone battery", "image": "products/IMG_20241018_050346_440.jpg", "image_hover": "products/IMG_20241018_050349_671.jpg", "price": "700.00", "old_price": "750.00", "rating": 0.0, "is_new": false, "is_trending": false, "is_best_seller": false, "is_top_rated": false, "is_featured": false, "is_deal_of_day": false, "stock": 0}}, {"model": "store.product", "pk": 67, "fields": {"category": 7, "title": "BL-5C", "description": "phone battery", "image": "products/IMG_20241018_050359_444.jpg", "image_hover": "products/IMG_20241018_050407_049.jpg", "price": "400.00", "old_price": "450.00", "rating": 0.0, "is_new": false, "is_trending": false, "is_best_seller": false, "is_top_rated": false, "is_featured": false, "is_deal_of_day": false, "stock": 0}}, {"model": "store.product", "pk": 68, "fields": {"category": 7, "title": "BL-5C Villaontel", "description": "phone battery", "image": "products/IMG_20241018_050414_884.jpg", "image_hover": "products/IMG_20241018_050418_631.jpg", "price": "400.00", "old_price": "450.00", "rating": 0.0, "is_new": false, "is_trending": false, "is_best_seller": false, "is_top_rated": false, "is_featured": false, "is_deal_of_day": false, "stock": 0}}, {"model": "store.product", "pk": 69, "fields": {"category": 7, "title": "Card Readers", "description": "memory card readers", "image": "products/IMG_20241021_031548_945.jpg", "image_hover": "products/IMG_20241021_031548_945_ssgOFCK.jpg", "price": "50.00", "old_price": "50.00", "rating": 0.0, "is_new": false, "is_trending": false, "is_best_seller": false, "is_top_rated": false, "is_featured": false, "is_deal_of_day": false, "stock": 0}}, {"model": "store.product", "pk": 70, "fields": {"category": 6, "title": "Lazy Meow", "description": "webcam", "image": "products/products/IMG_20241021_040648_513.jpg", "image_hover": "products/products/IMG_20241021_040515_346.jpg", "price": "2000.00", "old_price": "2500.00", "rating": 0.0, "is_new": true, "is_trending": false, "is_best_seller": false, "is_top_rated": false, "is_featured": false, "is_deal_of_day": false, "stock": 0}}, {"model": "store.product", "pk": 71, "fields": {"category": 6, "title": "HD Camera", "description": "webcam", "image": "products/IMG_20241021_041127_713.jpg", "image_hover": "products/IMG_20241021_041002_938.jpg", "price": "1700.00", "old_price": "2000.00", "rating": 0.0, "is_new": false, "is_trending": false, "is_best_seller": false, "is_top_rated": false, "is_featured": false, "is_deal_of_day": false, "stock": 0}}, {"model": "store.product", "pk": 72, "fields": {"category": 6, "title": "Lavalier Mic", "description": "Microphone", "image": "products/IMG_20241021_031343_708.jpg", "image_hover": "products/IMG_20241021_031353_585.jpg", "price": "700.00", "old_price": "1000.00", "rating": 0.0, "is_new": false, "is_trending": false, "is_best_seller": false, "is_top_rated": false, "is_featured": false, "is_deal_of_day": false, "stock": 0}}, {"model": "store.product", "pk": 73, "fields": {"category": 6, "title": "K35", "description": "Microphone", "image": "products/products/IMG_20241021_040846_942.jpg", "image_hover": "products/products/IMG_20241021_040846_942_cL6QgC7.jpg", "price": "2000.00", "old_price": "2300.00", "rating": 0.0, "is_new": true, "is_trending": false, "is_best_seller": false, "is_top_rated": false, "is_featured": false, "is_deal_of_day": false, "stock": 0}}, {"model": "store.product", "pk": 74, "fields": {"category": 6, "title": "Arafat AR007", "description": "wireless mouse", "image": "products/IMG_20241021_032519_799.jpg", "image_hover": "products/IMG_20241021_032523_668.jpg", "price": "600.00", "old_price": "700.00", "rating": 0.0, "is_new": false, "is_trending": false, "is_best_seller": false, "is_top_rated": false, "is_featured": false, "is_deal_of_day": false, "stock": 0}}, {"model": "store.product", "pk": 75, "fields": {"category": 7, "title": "Arafat AR002", "description": "wireless mouse", "image": "products/IMG_20241021_032307_079.jpg", "image_hover": "products/IMG_20241021_032309_419.jpg", "price": "800.00", "old_price": "950.00", "rating": 0.0, "is_new": false, "is_trending": false, "is_best_seller": false, "is_top_rated": false, "is_featured": false, "is_deal_of_day": false, "stock": 0}}, {"model": "store.product", "pk": 76, "fields": {"category": 6, "title": "Arafat AR006", "description": "wireless mouse", "image": "products/IMG_20241021_032504_177.jpg", "image_hover": "products/IMG_20241021_032505_698.jpg", "price": "700.00", "old_price": "750.00", "rating": 0.0, "is_new": false, "is_trending": false, "is_best_seller": false, "is_top_rated": false, "is_featured": false, "is_deal_of_day": false, "stock": 0}}, {"model": "store.product", "pk": 77, "fields": {"category": 6, "title": "AKO3", "description": "keyboard", "image": "products/IMG_20241018_041927_117.jpg", "image_hover": "products/IMG_20241018_041927_117_lVtxy4R.jpg", "price": "1700.00", "old_price": "1800.00", "rating": 0.0, "is_new": false, "is_trending": false, "is_best_seller": false, "is_top_rated": false, "is_featured": false, "is_deal_of_day": false, "stock": 0}}, {"model": "store.product", "pk": 78, "fields": {"category": 6, "title": "KM901", "description": "keyboard", "image": "products/IMG_20241018_042122_205.jpg", "image_hover": "products/IMG_20241018_042136_925.jpg", "price": "1500.00", "old_price": "1600.00", "rating": 0.0, "is_new": false, "is_trending": false, "is_best_seller": false, "is_top_rated": false, "is_featured": false, "is_deal_of_day": false, "stock": 0}}, {"model": "store.product", "pk": 79, "fields": {"category": 6, "title": "AKO2", "description": "keyboard", "image": "products/IMG_20241018_042231_550.jpg", "image_hover": "products/IMG_20241018_042432_311.jpg", "price": "800.00", "old_price": "1000.00", "rating": 0.0, "is_new": false, "is_trending": false, "is_best_seller": false, "is_top_rated": false, "is_featured": false, "is_deal_of_day": false, "stock": 0}}, {"model": "store.product", "pk": 80, "fields": {"category": 11, "title": "Hi-Fi Stereo", "description": "Amplifier", "image": "products/IMG_20241018_024356_057.jpg", "image_hover": "products/IMG_20241018_024431_783.jpg", "price": "1200.00", "old_price": "1350.00", "rating": 0.0, "is_new": false, "is_trending": false, "is_best_seller": false, "is_top_rated": false, "is_featured": false, "is_deal_of_day": false, "stock": 0}}, {"model": "store.product", "pk": 81, "fields": {"category": 11, "title": "M1mini", "description": "wireless bluetooth speaker", "image": "products/IMG_20241018_024957_945.jpg", "image_hover": "products/IMG_20241018_025013_054.jpg", "price": "1800.00", "old_price": "2000.00", "rating": 0.0, "is_new": false, "is_trending": false, "is_best_seller": false, "is_top_rated": false, "is_featured": false, "is_deal_of_day": false, "stock": 0}}, {"model": "store.product", "pk": 82, "fields": {"category": 11, "title": "MT-698BT", "description": "Amplifier", "image": "products/IMG_20241018_025058_207.jpg", "image_hover": "products/IMG_20241018_025119_883.jpg", "price": "2800.00", "old_price": "3000.00", "rating": 0.0, "is_new": false, "is_trending": false, "is_best_seller": false, "is_top_rated": false, "is_featured": false, "is_deal_of_day": false, "stock": 0}}, {"model": "store.product", "pk": 83, "fields": {"category": 11, "title": "MT-014", "description": "Amplifier", "image": "products/IMG_20241018_030428_555.jpg", "image_hover": "products/IMG_20241018_030647_349.jpg", "price": "4000.00", "old_price": "4500.00", "rating": 0.0, "is_new": false, "is_trending": false, "is_best_seller": false, "is_top_rated": false, "is_featured": false, "is_deal_of_day": false, "stock": 0}}, {"model": "store.product", "pk": 84, "fields": {"category": 11, "title": "ST-C300", "description": "Bluetooth Speaker", "image": "products/products/IMG_20241018_031605_174.jpg", "image_hover": "products/products/IMG_20241018_031706_676.jpg", "price": "1800.00", "old_price": "2000.00", "rating": 0.0, "is_new": true, "is_trending": false, "is_best_seller": false, "is_top_rated": false, "is_featured": false, "is_deal_of_day": false, "stock": 0}}, {"model": "store.product", "pk": 85, "fields": {"category": 11, "title": "WS.887", "description": "Bluetooth Speaker", "image": "products/IMG_20241018_035340_537.jpg", "image_hover": "products/IMG_20241018_035355_843.jpg", "price": "800.00", "old_price": "950.00", "rating": 0.0, "is_new": false, "is_trending": false, "is_best_seller": false, "is_top_rated": false, "is_featured": false, "is_deal_of_day": false, "stock": 0}}, {"model": "store.product", "pk": 86, "fields": {"category": 11, "title": "ST-C100", "description": "Bluetooth Speaker", "image": "products/IMG_20241018_031145_258.jpg", "image_hover": "products/IMG_20241018_031918_290.jpg", "price": "1500.00", "old_price": "1600.00", "rating": 0.0, "is_new": false, "is_trending": false, "is_best_seller": false, "is_top_rated": false, "is_featured": false, "is_deal_of_day": false, "stock": 0}}, {"model": "store.product", "pk": 87, "fields": {"category": 11, "title": "898", "description": "Bluetooth Speaker", "image": "products/IMG_20241018_032052_445.jpg", "image_hover": "products/IMG_20241018_032213_641.jpg", "price": "1800.00", "old_price": "2000.00", "rating": 0.0, "is_new": false, "is_trending": false, "is_best_seller": false, "is_top_rated": false, "is_featured": false, "is_deal_of_day": false, "stock": 0}}, {"model": "store.product", "pk": 88, "fields": {"category": 11, "title": "HF-F22", "description": "Bluetooth Speaker", "image": "products/IMG_20241018_032519_181.jpg", "image_hover": "products/IMG_20241018_032531_662.jpg", "price": "700.00", "old_price": "850.00", "rating": 0.0, "is_new": false, "is_trending": false, "is_best_seller": false, "is_top_rated": false, "is_featured": false, "is_deal_of_day": false, "stock": 0}}, {"model": "store.product", "pk": 89, "fields": {"category": 11, "title": "ST-1260", "description": "Bluetooth Speaker", "image": "products/IMG_20241018_032747_376.jpg", "image_hover": "products/IMG_20241018_032754_396.jpg", "price": "900.00", "old_price": "1000.00", "rating": 0.0, "is_new": false, "is_trending": false, "is_best_seller": false, "is_top_rated": false, "is_featured": false, "is_deal_of_day": false, "stock": 0}}, {"model": "store.product", "pk": 90, "fields": {"category": 11, "title": "ST-57BT", "description": "Bluetooth Speaker", "image": "products/IMG_20241018_034648_970.jpg", "image_hover": "products/IMG_20241018_034710_256.jpg", "price": "900.00", "old_price": "1000.00", "rating": 0.0, "is_new": false, "is_trending": false, "is_best_seller": false, "is_top_rated": false, "is_featured": false, "is_deal_of_day": false, "stock": 0}}, {"model": "store.product", "pk": 91, "fields": {"category": 11, "title": "ST-F1066", "description": "Bluetooth Speaker", "image": "products/IMG_20241018_035155_732.jpg", "image_hover": "products/IMG_20241018_035202_971.jpg", "price": "900.00", "old_price": "1000.00", "rating": 0.0, "is_new": false, "is_trending": false, "is_best_seller": false, "is_top_rated": false, "is_featured": false, "is_deal_of_day": false, "stock": 0}}, {"model": "store.product", "pk": 92, "fields": {"category": 11, "title": "C15", "description": "Bluetooth Speaker", "image": "products/IMG_20241018_035445_521.jpg", "image_hover": "products/IMG_20241018_035458_755.jpg", "price": "1700.00", "old_price": "1800.00", "rating": 0.0, "is_new": false, "is_trending": false, "is_best_seller": false, "is_top_rated": false, "is_featured": false, "is_deal_of_day": false, "stock": 0}}, {"model": "store.product", "pk": 93, "fields": {"category": 11, "title": "ST-322", "description": "Bluetooth Speaker", "image": "products/IMG_20241018_040528_051.jpg", "image_hover": "products/IMG_20241018_040539_262.jpg", "price": "1500.00", "old_price": "1800.00", "rating": 0.0, "is_new": false, "is_trending": false, "is_best_seller": false, "is_top_rated": false, "is_featured": false, "is_deal_of_day": false, "stock": 0}}, {"model": "store.product", "pk": 94, "fields": {"category": 9, "title": "AY-49", "description": "Video Making Kit", "image": "products/products/IMG_20241021_025456_777.jpg", "image_hover": "products/products/IMG_20241021_025530_249.jpg", "price": "3000.00", "old_price": "3500.00", "rating": 0.0, "is_new": true, "is_trending": false, "is_best_seller": false, "is_top_rated": false, "is_featured": false, "is_deal_of_day": false, "stock": 0}}, {"model": "store.product", "pk": 95, "fields": {"category": 9, "title": "MJ20", "description": "Ring Light", "image": "products/products/IMG_20241021_025645_760.jpg", "image_hover": "products/products/IMG_20241021_030044_778.jpg", "price": "2000.00", "old_price": "2500.00", "rating": 0.0, "is_new": true, "is_trending": false, "is_best_seller": false, "is_top_rated": false, "is_featured": false, "is_deal_of_day": false, "stock": 0}}, {"model": "store.product", "pk": 96, "fields": {"category": 9, "title": "MJ26", "description": "Ring Light", "image": "products/products/IMG_20241021_030035_043.jpg", "image_hover": "products/products/IMG_20241021_030044_778_CDfYXCS.jpg", "price": "3500.00", "old_price": "4000.00", "rating": 0.0, "is_new": false, "is_trending": false, "is_best_seller": false, "is_top_rated": false, "is_featured": false, "is_deal_of_day": false, "stock": 0}}, {"model": "store.product", "pk": 97, "fields": {"category": 9, "title": "MJ33", "description": "Ring Light", "image": "products/IMG_20241021_030111_352.jpg", "image_hover": "products/IMG_20241021_030044_778_0aifdoI.jpg", "price": "4000.00", "old_price": "4300.00", "rating": 0.0, "is_new": false, "is_trending": false, "is_best_seller": false, "is_top_rated": false, "is_featured": false, "is_deal_of_day": false, "stock": 0}}, {"model": "store.product", "pk": 98, "fields": {"category": 12, "title": "F10- 100", "description": "40W night light", "image": "products/IMG_20241018_052206_430.jpg", "image_hover": "products/IMG_20241018_052206_430_ZAPFjXz.jpg", "price": "800.00", "old_price": "850.00", "rating": 0.0, "is_new": false, "is_trending": false, "is_best_seller": false, "is_top_rated": false, "is_featured": false, "is_deal_of_day": false, "stock": 0}}, {"model": "store.product", "pk": 99, "fields": {"category": 12, "title": "F12-140", "description": "Night Lamp", "image": "products/IMG_20241018_053042_042.jpg", "image_hover": "products/IMG_20241018_053042_042_egk6CQl.jpg", "price": "1200.00", "old_price": "1200.00", "rating": 0.0, "is_new": false, "is_trending": false, "is_best_seller": false, "is_top_rated": false, "is_featured": false, "is_deal_of_day": false, "stock": 0}}, {"model": "store.product", "pk": 100, "fields": {"category": 12, "title": "50W Afrilighting", "description": "Rechargeable bulb", "image": "products/IMG_20241021_041649_993.jpg", "image_hover": "products/IMG_20241021_041649_993_asZ6TKt.jpg", "price": "900.00", "old_price": "950.00", "rating": 0.0, "is_new": false, "is_trending": false, "is_best_seller": false, "is_top_rated": false, "is_featured": false, "is_deal_of_day": false, "stock": 0}}, {"model": "store.product", "pk": 101, "fields": {"category": 12, "title": "40W Afrilighting", "description": "Rechargeable bulb", "image": "products/IMG_20241021_041712_033.jpg", "image_hover": "products/IMG_20241021_041712_033_Ncq9vAl.jpg", "price": "800.00", "old_price": "850.00", "rating": 0.0, "is_new": false, "is_trending": false, "is_best_seller": false, "is_top_rated": false, "is_featured": false, "is_deal_of_day": false, "stock": 0}}, {"model": "store.product", "pk": 102, "fields": {"category": 12, "title": "DP-1640A", "description": "intelligent bulb", "image": "products/IMG_20241021_041742_725.jpg", "image_hover": "products/IMG_20241021_041742_725_IOg58TW.jpg", "price": "850.00", "old_price": "900.00", "rating": 0.0, "is_new": false, "is_trending": false, "is_best_seller": false, "is_top_rated": false, "is_featured": false, "is_deal_of_day": false, "stock": 0}}, {"model": "store.product", "pk": 103, "fields": {"category": 12, "title": "DP 50W", "description": "bulb rechargeable", "image": "products/IMG_20241021_042047_214.jpg", "image_hover": "products/IMG_20241021_042047_214_SOtFJHX.jpg", "price": "900.00", "old_price": "900.00", "rating": 0.0, "is_new": false, "is_trending": false, "is_best_seller": false, "is_top_rated": false, "is_featured": false, "is_deal_of_day": false, "stock": 0}}, {"model": "store.product", "pk": 104, "fields": {"category": 12, "title": "DP 40W", "description": "bulb rechargeable", "image": "products/IMG_20241021_042059_340.jpg", "image_hover": "products/IMG_20241021_042059_340_KGZbEH8.jpg", "price": "850.00", "old_price": "900.00", "rating": 0.0, "is_new": false, "is_trending": false, "is_best_seller": false, "is_top_rated": false, "is_featured": false, "is_deal_of_day": false, "stock": 0}}, {"model": "store.product", "pk": 105, "fields": {"category": 12, "title": "10W 3in1 AVC", "description": "bulb", "image": "products/IMG_20241021_042336_669.jpg", "image_hover": "products/IMG_20241021_042336_669_zknBJcF.jpg", "price": "200.00", "old_price": "250.00", "rating": 0.0, "is_new": false, "is_trending": false, "is_best_seller": false, "is_top_rated": false, "is_featured": false, "is_deal_of_day": false, "stock": 0}}, {"model": "store.product", "pk": 106, "fields": {"category": 12, "title": "7W AC VELLMAX", "description": "bulb", "image": "products/IMG_20241021_042655_288.jpg", "image_hover": "products/IMG_20241021_042705_219.jpg", "price": "150.00", "old_price": "200.00", "rating": 0.0, "is_new": false, "is_trending": false, "is_best_seller": false, "is_top_rated": false, "is_featured": false, "is_deal_of_day": false, "stock": 0}}, {"model": "store.product", "pk": 107, "fields": {"category": 12, "title": "7W DC DP", "description": "dc bulb", "image": "products/IMG_20241021_042900_673.jpg", "image_hover": "products/IMG_20241021_042900_673_OZqYzCf.jpg", "price": "150.00", "old_price": "200.00", "rating": 0.0, "is_new": false, "is_trending": false, "is_best_seller": false, "is_top_rated": false, "is_featured": false, "is_deal_of_day": false, "stock": 0}}, {"model": "store.product", "pk": 108, "fields": {"category": 12, "title": "5W DC DP", "description": "dc bulb", "image": "products/IMG_20241021_043031_876.jpg", "image_hover": "products/IMG_20241021_043141_445.jpg", "price": "100.00", "old_price": "150.00", "rating": 0.0, "is_new": false, "is_trending": false, "is_best_seller": false, "is_top_rated": false, "is_featured": false, "is_deal_of_day": false, "stock": 0}}, {"model": "store.product", "pk": 109, "fields": {"category": 12, "title": "JWD2 5W AC", "description": "bulb", "image": "products/IMG_20241021_043226_525.jpg", "image_hover": "products/IMG_20241021_043226_525_On5rBzt.jpg", "price": "100.00", "old_price": "100.00", "rating": 0.0, "is_new": false, "is_trending": false, "is_best_seller": false, "is_top_rated": false, "is_featured": false, "is_deal_of_day": false, "stock": 0}}, {"model": "store.product", "pk": 110, "fields": {"category": 5, "title": "PK-1006", "description": "extension", "image": "products/IMG_20241018_023334_377.jpg", "image_hover": "products/IMG_20241018_023312_445.jpg", "price": "700.00", "old_price": "750.00", "rating": 0.0, "is_new": false, "is_trending": false, "is_best_seller": false, "is_top_rated": false, "is_featured": false, "is_deal_of_day": false, "stock": 0}}, {"model": "store.product", "pk": 111, "fields": {"category": 5, "title": "PK-1005", "description": "extension", "image": "products/IMG_20241018_023505_265.jpg", "image_hover": "products/IMG_20241018_023505_265_xJjVb0K.jpg", "price": "600.00", "old_price": "600.00", "rating": 0.0, "is_new": false, "is_trending": false, "is_best_seller": false, "is_top_rated": false, "is_featured": false, "is_deal_of_day": false, "stock": 0}}, {"model": "store.product", "pk": 112, "fields": {"category": 5, "title": "PK-1004", "description": "extension", "image": "products/IMG_20241018_023115_797.jpg", "image_hover": "products/IMG_20241018_023115_797_9yoo5Pz.jpg", "price": "500.00", "old_price": "550.00", "rating": 0.0, "is_new": false, "is_trending": false, "is_best_seller": false, "is_top_rated": false, "is_featured": false, "is_deal_of_day": false, "stock": 0}}, {"model": "store.product", "pk": 113, "fields": {"category": 5, "title": "ST-5486", "description": "extension", "image": "products/IMG_20241018_052009_391.jpg", "image_hover": "products/IMG_20241018_052009_391_NO0XTUM.jpg", "price": "400.00", "old_price": "400.00", "rating": 0.0, "is_new": false, "is_trending": false, "is_best_seller": false, "is_top_rated": false, "is_featured": false, "is_deal_of_day": false, "stock": 0}}, {"model": "store.product", "pk": 114, "fields": {"category": 5, "title": "ST-6486", "description": "extension", "image": "products/IMG_20241018_051837_567.jpg", "image_hover": "products/IMG_20241018_051837_567_rJTPUk7.jpg", "price": "400.00", "old_price": "400.00", "rating": 0.0, "is_new": false, "is_trending": false, "is_best_seller": false, "is_top_rated": false, "is_featured": false, "is_deal_of_day": false, "stock": 0}}, {"model": "store.product", "pk": 115, "fields": {"category": 5, "title": "SH-20T", "description": "TV Brackets", "image": "products/products/IMG_20241018_051520_002.jpg", "image_hover": "products/products/IMG_20241018_051446_832.jpg", "price": "1000.00", "old_price": "1000.00", "rating": 0.0, "is_new": true, "is_trending": false, "is_best_seller": false, "is_top_rated": false, "is_featured": false, "is_deal_of_day": false, "stock": 0}}, {"model": "store.product", "pk": 116, "fields": {"category": 5, "title": "24 inch brackets", "description": "TV Brackets", "image": "products/IMG_20241018_051340_420.jpg", "image_hover": "products/IMG_20241018_051400_131.jpg", "price": "500.00", "old_price": "600.00", "rating": 0.0, "is_new": false, "is_trending": false, "is_best_seller": false, "is_top_rated": false, "is_featured": false, "is_deal_of_day": false, "stock": 0}}, {"model": "store.product", "pk": 117, "fields": {"category": 5, "title": "Arial", "description": "Tv arial", "image": "products/IMG_20241021_030442_280.jpg", "image_hover": "products/IMG_20241021_030447_384.jpg", "price": "600.00", "old_price": "650.00", "rating": 0.0, "is_new": false, "is_trending": false, "is_best_seller": false, "is_top_rated": false, "is_featured": false, "is_deal_of_day": false, "stock": 0}}, {"model": "store.product", "pk": 118, "fields": {"category": 5, "title": "Guard", "description": "TV/Fridge guard", "image": "products/IMG_20241018_053139_846.jpg", "image_hover": "products/IMG_20241018_053139_846_bAVR4jf.jpg", "price": "850.00", "old_price": "900.00", "rating": 0.0, "is_new": false, "is_trending": false, "is_best_seller": false, "is_top_rated": false, "is_featured": false, "is_deal_of_day": false, "stock": 0}}, {"model": "store.product", "pk": 119, "fields": {"category": 7, "title": "H20", "description": "Smart watch", "image": "products/products/IMG_20241018_021534_139.jpg", "image_hover": "products/products/IMG_20241018_021511_338.jpg", "price": "3000.00", "old_price": "3500.00", "rating": 0.0, "is_new": true, "is_trending": false, "is_best_seller": false, "is_top_rated": false, "is_featured": false, "is_deal_of_day": false, "stock": 0}}, {"model": "store.product", "pk": 120, "fields": {"category": 7, "title": "T800", "description": "Smartwatch", "image": "products/IMG_20241018_013843_132.jpg", "image_hover": "products/IMG_20241018_013905_047.jpg", "price": "1600.00", "old_price": "2000.00", "rating": 0.0, "is_new": false, "is_trending": false, "is_best_seller": false, "is_top_rated": false, "is_featured": false, "is_deal_of_day": false, "stock": 0}}, {"model": "store.product", "pk": 121, "fields": {"category": 7, "title": "Smart Bracelets", "description": "smart bacelets", "image": "products/products/IMG_20241021_072744_351.jpg", "image_hover": "products/products/IMG_20241021_073322_449.jpg", "price": "600.00", "old_price": "700.00", "rating": 0.0, "is_new": true, "is_trending": false, "is_best_seller": false, "is_top_rated": false, "is_featured": false, "is_deal_of_day": false, "stock": 0}}, {"model": "store.product", "pk": 122, "fields": {"category": 6, "title": "Foam Cleaner", "description": "cleaner", "image": "products/products/IMG_20241021_061746_058.jpg", "image_hover": "products/products/IMG_20241021_061746_058_jogXUf6.jpg", "price": "500.00", "old_price": "600.00", "rating": 0.0, "is_new": true, "is_trending": false, "is_best_seller": false, "is_top_rated": false, "is_featured": false, "is_deal_of_day": false, "stock": 0}}, {"model": "store.productimage", "pk": 1, "fields": {"product": 4, "image": "products/gallery/IMG_20241021_033150_666.jpg"}}, {"model": "store.testimonial", "pk": 1, "fields": {"name": "Admin Supplies", "title": "Head of Supplies", "image": "testimonials/Agriculture_Technology_Transfer.jpeg", "message": "At Gizmobay, we don't  just sell products, we also advice our customers on the right product to purchase depending on their specific needs. We also do outsourcing for our clients. Get in touch today.", "created_at": "2025-05-30T12:17:55.591Z"}}, {"model": "store.blog", "pk": 1, "fields": {"title": "My first blog", "category": "Electronics use", "author": "Admin", "image": "blogs/Agriculture_Technology_Transfer.jpeg", "content": "This is the ffirst blog and is being tested as we speak.\r\nIts a whole new I dea that I need to bring to the table.", "published_at": "2025-05-30T12:41:32.894Z"}}, {"model": "store.blog", "pk": 2, "fields": {"title": "Blog Two", "category": "Chargers efficiency", "author": "Admin", "image": "blogs/mapaafrica_unsplash.jpg", "content": "We are trying to see if the blog arena can accomodate more.\r\nIts way fun.", "published_at": "2025-05-30T12:51:26.302Z"}}, {"model": "store.pickuplocation", "pk": 1, "fields": {"name": "Njoro Town", "address": "Afiven Office, opposite new market Njoro Town"}}, {"model": "store.pickuplocation", "pk": 2, "fields": {"name": "Egerton", "address": "Egerton University Gate area"}}, {"model": "store.pickuplocation", "pk": 3, "fields": {"name": "Kihingo", "address": "Kihingo Market, Opposite Larmudiac Boarding School"}}, {"model": "store.pickuplocation", "pk": 4, "fields": {"name": "Lare", "address": "Naishi Town Area"}}, {"model": "store.order", "pk": 11, "fields": {"user": null, "order_id": "4fd78ba3-4f2a-4fa7-ac42-68f13bc37bdc", "merchant_request_id": "94e7-4365-8709-da1565b4a86c8308", "name": "Joseph Chege", "phone": "0795606653", "address": 1, "amount": "500.00", "status": "pending", "mpesa_receipt": null, "paid_at": null, "created_at": "2025-06-30T17:57:01.939Z"}}, {"model": "store.order", "pk": 12, "fields": {"user": null, "order_id": "e9da8995-638f-4b9d-8295-a09f956566e8", "merchant_request_id": "6750-45c3-9af9-c6601ecdca0b26591", "name": "Joseph Chege", "phone": "0795606653", "address": 1, "amount": "1.00", "status": "pending", "mpesa_receipt": null, "paid_at": null, "created_at": "2025-06-30T18:12:23.518Z"}}, {"model": "store.order", "pk": 13, "fields": {"user": null, "order_id": "ad2802a3-e40d-47f8-8479-726c6822519e", "merchant_request_id": "4366-4b9c-b7e7-e688c806cb1e28789", "name": "Joseph Chege", "phone": "0795606653", "address": 1, "amount": "1.00", "status": "pending", "mpesa_receipt": null, "paid_at": null, "created_at": "2025-06-30T18:27:33.844Z"}}, {"model": "store.order", "pk": 14, "fields": {"user": null, "order_id": "827c337e-a22f-4d7c-a6d6-e436fc98b134", "merchant_request_id": "6750-45c3-9af9-c6601ecdca0b26845", "name": "Joseph Chege", "phone": "0795606653", "address": 1, "amount": "1.00", "status": "pending", "mpesa_receipt": null, "paid_at": null, "created_at": "2025-06-30T18:28:32.420Z"}}, {"model": "store.order", "pk": 15, "fields": {"user": null, "order_id": "84f4d800-b453-479f-ae3d-b861accd357b", "merchant_request_id": "f54a-4486-81ba-4bab593898a431599", "name": "Joseph Gachago", "phone": "0795606653", "address": 1, "amount": "400.00", "status": "pending", "mpesa_receipt": null, "paid_at": null, "created_at": "2025-08-28T06:18:22.056Z"}}, {"model": "store.order", "pk": 16, "fields": {"user": null, "order_id": "2980d274-2655-4bb2-9189-513bb911afe5", "merchant_request_id": "ae2c-4229-8b38-be2dc0c1615e12550", "name": "Joseph Gachago", "phone": "0795606653", "address": 1, "amount": "1200.00", "status": "pending", "mpesa_receipt": null, "paid_at": null, "created_at": "2025-11-11T11:09:27.342Z"}}, {"model": "store.order", "pk": 17, "fields": {"user": null, "order_id": "846342be-caa6-4edb-93b7-4b015628b0d4", "merchant_request_id": "db04-44c6-a5f2-86dfce288d2d475", "name": "Joseph Gachago", "phone": "0795606653", "address": 1, "amount": "1000.00", "status": "pending", "mpesa_receipt": null, "paid_at": null, "created_at": "2025-11-30T13:10:50.978Z"}}, {"model": "store.order", "pk": 18, "fields": {"user": null, "order_id": "36ff0f52-dfcb-4a8c-928f-dfb6702e4d7b", "merchant_request_id": "3850-475c-976f-001c287491c420466", "name": "Joseph Chege", "phone": "0791796537", "address": 4, "amount": "1100.00", "status": "pending", "mpesa_receipt": null, "paid_at": null, "created_at": "2025-12-05T11:55:55.906Z"}}, {"model": "store.order", "pk": 19, "fields": {"user": null, "order_id": "a00e5f2c-fc19-4ccc-9697-5a85e149a55f", "merchant_request_id": "14af-407e-ba63-b73603c69b7f23", "name": "Joseph Chege", "phone": "0791796537", "address": 4, "amount": "1200.00", "status": "pending", "mpesa_receipt": null, "paid_at": null, "created_at": "2026-03-05T14:11:39.774Z"}}]